адрес_места_нахождения,наименование_кабинета,оснащенность,приспособленность_для_инвалидов
"Кронштадтский бульвар, 20","Аудитория Б-507 Учебная аудитория для проведения занятия семинарского типа, текущего контроля и промежуточной аттестации","Комплект учебной мебели (столы, стулья, доска)",-
"Кронштадтский бульвар, 20",Аудитория 405В. Процедурные тренажеры MFTD Airbus A320/Boeing 737NG. Для проведения практических занятий.,Тренажер полноразмерной имитации кабины самолета А320 - 1 шт. Рабочих мест: 2                                                                           Тренажер полноразмерной имитации кабины самолета В737 - 1 шт. Рабочих мест: 2,-
"Кронштадтский бульвар, 20","Аудитория 404В. Учебный класс авиационного тренажера MTD Boeing 737NG. Для проведения практических занятий, текущего контроля и промежуточной аттестации.",Авиационный тренажер для обучения техническому обслуживанию самолета B737 - 1 шт. Мест для обучаемых -24 шт. Место инструктора -1 шт.,-
"Кронштадтский бульвар, 20","Аудитория 401В. Учебный класс авиационного тренажера MTD Boeing 737NG. Для проведения практических занятий, текущего контроля и промежуточной аттестации.",Авиационный тренажер для обучения техническому обслуживанию самолета B737 - 1 шт. Мест для обучаемых -24 шт. Место инструктора -1 шт.,-
"Кронштадтский бульвар, 20","Аудитория 402В. Учебный класс авиационного тренажера MTD А320. Для проведения практических занятий, текущего контроля и промежуточной аттестации.",Авиационный тренажер для обучения техническому обслуживанию самолета А320 - 1 шт. Мест для обучаемых -12 шт. Место инструктора -1 шт. Принтер НР - 1 шт;,-
"Кронштадтский бульвар, 20","Аудитория 403В. Учебный класс авиационного тренажера А320. Для проведения практических занятий, текущего контроля и промежуточной аттестации.",Авиационный тренажер для обучения техническому обслуживанию самолета А320 - 1 шт. Мест для обучаемых -12 шт. Место инструктора -1 шт. Принтер НР - 1 шт; Проектор EPSON - 2шт;            Полотно для проектора - 2 шт.,-
"Пулковская улица, 6а",Аудитория 2-202. Процедурный тренажеры MFTD Airbus A330. Для проведения практических занятий.,Тренажер полноразмерной имитации кабины самолета А330/А320 - 1 шт. Рабочих мест: 2,-
"Пулковская улица, 10","Аудитория 5-220 Учебная аудитория для проведения практических занятий, текущего контроля и промежуточной аттестации","Комплект учебной мебели (столы, стулья, доска)",-
"Пулковская улица, 10","Аудитория 5-216 Учебная аудитория для проведения практических занятий, текущего контроля и промежуточной аттестации","Комплект учебной мебели (столы, стулья, доска)",-
"Пулковская улица, 10","Аудитория 5-209 Учебная аудитория для проведения занятий лекционного типа, практических занятий, текущего контроля и промежуточной аттестации","Комплект учебной мебели (столы, стулья, доска)",-
"Пулковская улица, 10","Аудитория 5-208 Учебная аудитория для проведения занятий лекционного типа, практических занятий, текущего контроля и промежуточной аттестации","Комплект учебной мебели (столы, стулья, доска)",-
"Пулковская улица, 10","Аудитория 5-207 Учебная аудитория для проведения занятий лекционного типа, практических занятий, текущего контроля и промежуточной аттестации","Комплект учебной мебели (столы, стулья, доска)",-
"Пулковская улица, 10","Аудитория 5-206 Учебная аудитория для проведения практических занятий, текущего контроля и промежуточной аттестации","Комплект учебной мебели (столы, стулья, доска)",-
"Пулковская улица, 10","Аудитория 5-203 Учебная аудитория для проведения практических занятий, текущего контроля и промежуточной аттестации","Комплект учебной мебели (столы, стулья, доска)",-
"Пулковская улица, 10","Аудитория 5-204 Учебная аудитория для проведения практических занятий, текущего контроля и промежуточной аттестации","Комплект учебной мебели (столы, стулья, доска)",-
"Пулковская улица, 10","Аудитория 5-112 Учебная аудитория для проведения занятий лекционного типа, практических занятий, текущего контроля и промежуточной аттестации","Комплект учебной мебели (столы, стулья, доска)",-
"Пулковская улица, 10","Аудитория 5-102 Учебная аудитория для проведения занятий лекционного типа, практических занятий, текущего контроля и промежуточной аттестации","Комплект учебной мебели (столы, стулья, доска)",-
"Пулковская улица, 10","Аудитория 5-316,  Учебная аудитория для проведения занятия лекционного типа, семинарского типа, текущего контроля Учебно-лабораторный комплекс","Комплект учебной мебели (столы, стулья, доска), рабочая станция CORE2 QUAD- 6 шт.Комплекс интерактивный SMART BOARD SBD685 – 1 шт.  Документ-камера – 1 шт. Компьютер преподавателя (ноутбук) Asus – 1 шт",-
"Пулковская улица, 10","Аудитория 5-315,  Учебная аудитория для проведения занятия лекционного типа, семинарского типа, текущего контроля , Лаборатория численного моделирования","Комплект учебной мебели (столы, стулья, доска),                                                                                              Рабочая станция CORE2 6550, в т.ч: сист. бл. CORE2 6550/FAN/ASUS; МОНИТОР19"" TFT- 5 шт.                                                                 Рабочая станция. ПЭВМ Pentium 4 - 6 шт.",-
"Пулковская улица, 10","Аудитория 5-303, Учебная аудитория для проведения лабораторных занятий","Комплект учебной мебели (столы, стулья, доска), Рабочая станция тип 2 НР 260 G2 2VR73ES,  8 шт:",-
"Пулковская улица, 10",Аудитория 5-415 Учебная аудитория для проведения практических работ,"Комплект учебной мебели (столы, стулья, шкафы), ПЭВМ PENTIUM-4 8шт., вольтметр В7-65,817, осциллограф С9-14,190276, паяльник с припоем DIGITAL 2000A",-
"Пулковская улица, 10","Аудитория 5-410  Учебная аудитория для проведения занятий лекционного типа, семинарского типа, текущего контроля и промежуточной аттестации","Комплект учебной мебели (столы, стулья, доска), экран на штативе SCREENMEDIA APOLLO T 180Х180см, коммутатор 3COM BASELINE SWITCH 2824,  кондиционер WSH 127 BE/WRH 127 BE, рабочая станция 12 шт",-
"Пулковская улица, 10","Аудитория 5-409  Учебная аудитория для проведения занятий лекционного типа, семинарского типа, текущего контроля и промежуточной аттестации","Комплект учебной мебели (столы, стулья, доска), панель интерактивнаяIDB LCD i70"", рабочая станция CORE i5-2300 2шт, рабочая станция WSI SOLO 10шт, стенд лабораторный схемотехника NI ELVIS 2+ 10шт",-
"Пулковская улица, 10","Аудитория 5-405 Учебная аудитория для проведения занятий лекционного типа, семинарского типа, текущего контроля и промежуточной аттестации","Комплект учебной мебели (столы, стулья, доска),  экран настенный PRAPER LUMA",-
"Пулковская улица, 10","Аудитория 5-403 Учебная аудитория для проведения занятий лекционного типа, семинарского типа, текущего контроля и промежуточной аттестации","Комплект учебной мебели (столы, стулья, доска), рабочая станция тип 2 HP 260 G2 2VR73ES 10шт",-
"Пулковская улица, 10","Аудитория 5-402  Учебная аудитория для проведения занятий лекционного типа, семинарского типа, текущего контроля и промежуточной аттестации","Комплект учебной мебели (столы, стулья, доска), кондиционер WSH 127 BE/WRH 127 BE, маршрутизатор CISCO10/1000SE 2шт, ПЭВМ PENTIUM-4 13шт , сервер Альтаир MULTISM252/2*XEON2400/512+FAN/MB INTEL SE7501HG2/2*512M PC2100...,1031019, сервер HP PROLIANT ML, шкаф телекоммуникационный напольный 42U",-
"Пулковская улица, 10","Аудитория 5-311, Учебная аудитория для проведения практических занятий и лабораторных работ","Мультимедийный видеопроектор,  экран – 1шт. ПК-10 шт. Лабораторная приставка NI ELVIS II",-
"Пулковская улица, 10","Аудитория 5-309, Учебная аудитория для проведения занятий лекционного типа, практических занятий и лабораторных работ","Контрольно-измерительная аппаратура общего применения: Компьютер-2шт., видеопроектор, экран, генератор низкой и высокой частоты, импульсные генераторы, генератор шума, вольтметры, осциллографы, фазометры, частотомеры измерители параметров элементов электрических цепей, спектроанализаторы, прибор для исследования корреляционных характеристик, телефонный скремблер «ГРОТ», аппаратура защиты телефонных переговоров СКР-511 «Референт», прибор «PROTECT 1203», генератор шума ГШ-501, прибор D008, прибор ST031P, генератор WNG023, помехоподавляющий фильтр ФАЗА 1-10, программно-аппаратный комплекс «СПРУТ-МИНИ», программно-аппаратный комплекс «НАВИГАТОР-П3Г», генератор шума «СОНАТА-С1», генератор шума ANG-2200, устройство защиты телефонных линий «ПРОКРУСТ-2000», прибор MFP-8000, блокиратор сотовых телефонов «ЗАВЕСА», нелинейный радиолокатор «МАСТЕР», сканирующий радиоприемник AR 8200, диктофон OLYMPUS,   металлоискатель SPHINX",-
"Пулковская улица, 10","Аудитория 5-308, Учебная аудитория для проведения практических занятий и лабораторных работ","Комплект учебной мебели (столы, стулья, доска), Мультимедийный проектор, 1 шт.; Дисплей TFT (Монитор LG) 1шт.; Компьютер ASER VERITOП - 11шт. Принтер НР- 1 шт.; Интерактивная доска Activeboard Promethean.Рабочие места -11 шт.",-
"Пулковская улица, 10","Аудитория 5-307, Учебная аудитория для проведения практических занятий и лабораторных работ","Лабораторный стенд «Криптографические системы», мультимедийный видеопроектор, экран. Столы, стулья",-
"Пулковская улица, 6",Аудитория 3-115 Учебная аудитория для проведения занятия лабораторного типа,"Комплект учебной мебели (столы, стулья, доска), Стенд И-11 - 1 шт., Установка лабораторная для исследования регулировки скорости двигателя - 1 шт.,Установка ППУ-2 - 1 шт.,Установка проверки закрылков ПП-СЭУ-3 - 1 шт.,Установка проверки манометров ЭУПМ-2М - 1 шт.,Установка проверки тахометров УПТ КСП - 1 шт.,Установка УПП-1 - 1 шт.,Установка проверки термометров УПТ-1М  - 1 шт.",-
"Пулковская улица, 6",Аудитория 3-114 Учебная аудитория для проведения занятия лабораторного типа,"Комплект учебной мебели (столы, стулья, доска), Стенд И-11 - 1 шт., Установка лабораторная для исследования регулировки скорости двигателя - 1 шт.,Установка ППУ-2 - 1 шт.,Установка проверки закрылков ПП-СЭУ-3 - 1 шт.,Установка проверки манометров ЭУПМ-2М - 1 шт.,Установка проверки тахометров УПТ КСП - 1 шт.,Установка УПП-1 - 1 шт.,Установка проверки термометров УПТ-1М  - 1 шт.",-
"Пулковская улица, 6",Аудитория 3-316 Учебная аудитория для проведения занятий семинарского типа (лабораторных работ),Комплект специализированной мебели; Установка КТУ-1М Установка лабораторная для исследования регулировки скорости двигателя Установка ППУ-2 Установка проверки манометров ЭУПМ-2М Установка проверки тахометров УПТ КСП Установка УПП-1 Установка УПТ-1М проверки термометров,-
"Пулковская улица, 6",Аудитория 3-313 Учебная аудитория для проведения занятий семинарского типа (лабораторных работ),"Аппаратура контрольно-проверочная ИС-1, 1 шт. Аппаратура контрольно-проверочная КПА УГВ-10, 1 шт. Аппаратура контрольно-проверочная КПА-НВУ-Б3, 1 шт. Выключатель коррекции ВК-90, 1 шт. Изделие НВУ, 1 шт. Платформа ПГ-1В-11, 1 шт. Платформа ПГ-1В-11, 1 шт. Пуль управления ПУ-36, 1 шт. Точная курсовая система ТКСП, 1 шт. Точная курсовая система ТКСП-2, 1 шт. Указатель поворота ЭУП-53 электрический, 1 шт. Установка проверки авиагоризонтов ПА-АГД-1, 1 шт. Установка проверки гироскопических приборов УПГ-56, 1 шт. Установка проверки курсовых систем, 3 шт. Установка УПП ГМК, 1 шт. Авиагоризонт, 11 шт. Автомат 2 шт. Аппаратура контрольно-проверочная, 1 шт. Аппаратура сдвоенная измерительная, 1 шт. АСУ АСП, 1 шт. БКПД, 2 шт. Высотомер, 1 шт. Вычислитель навигационный, 1 шт. Гироагрегат. 24 шт. Компас, 1 шт. ППД-1М, 2 шт. Система воздушных сигналов, 4 шт. Указатель поворота ЭУП-53 электрический, 3 шт. Установка КТУ-1, 1 шт. Установка КТУ-1М, 1 шт.",-
"Пулковская улица, 6",Аудитория 3-313 Учебная аудитория для проведения занятий семинарского типа (лабораторных работ),"Аппаратура контрольно-проверочная ИС-1, 1 шт. Аппаратура контрольно-проверочная КПА УГВ-10, 1 шт. Аппаратура контрольно-проверочная КПА-НВУ-Б3, 1 шт. Выключатель коррекции ВК-90, 1 шт. Изделие НВУ, 1 шт. Платформа ПГ-1В-11, 1 шт. Платформа ПГ-1В-11, 1 шт. Пуль управления ПУ-36, 1 шт. Точная курсовая система ТКСП, 1 шт. Точная курсовая система ТКСП-2, 1 шт. Указатель поворота ЭУП-53 электрический, 1 шт. Установка проверки авиагоризонтов ПА-АГД-1, 1 шт. Установка проверки гироскопических приборов УПГ-56, 1 шт. Установка проверки курсовых систем, 3 шт. Установка УПП ГМК, 1 шт. Авиагоризонт, 11 шт. Автомат 2 шт. Аппаратура контрольно-проверочная, 1 шт. Аппаратура сдвоенная измерительная, 1 шт. АСУ АСП, 1 шт. БКПД, 2 шт. Высотомер, 1 шт. Вычислитель навигационный, 1 шт. Гироагрегат. 24 шт. Компас, 1 шт. ППД-1М, 2 шт. Система воздушных сигналов, 4 шт. Указатель поворота ЭУП-53 электрический, 3 шт. Установка КТУ-1, 1 шт. Установка КТУ-1М, 1 шт.",-
"Пулковская улица, 6",Аудитория 3-304 Учебная аудитория для проведения занятий семинарского типа (лабораторных работ),"Автопилот АП-28Л, 1 шт. Автопилот АП-40, 2 шт. Источник питания ВИП-010, 2 шт. Комплекс навигационный ОЛЬХА-1, 1 шт. Комплекс пилотажный БПК-1П-42, 1 шт. Система автоматического управления САУ-1Т, 1 шт. Система автоматического управления САУ-1Т-2-86, 1 шт. Установка МПУ-1, 3 шт. Установка ПАА-34 Б, 1 шт. Установка УПССП-7, 1 шт. Комплекс вычислительный, 1 шт. Пульт контроля, 2 шт Пульт управления, 1 шт. Стол поворотный КПА-5, 2 шт. Стол поворотный КПА-5, 1 шт. СУ-86, 2 шт. Установка проверки гироскопических приборов, 1 шт.",-
"Пулковская улица, 6а",Аудитория 1-309 Учебная аудитория для проведения занятий семинарского типа (лабораторных работ),"Аппаратура контрольно-проверочная АП-СВС-2П, 1 шт. Аппаратура контрольно-проверочная КПА-20-86, 2 шт Аппаратура контрольно-проверочная ОРБИТА-20 ПП20-9, 1 шт. Аппаратура сдвоенная измерительная 2ИА-7А, 2 шт. Выпрямитель ВКС-285, 1 шт. Датчик поплавковый, 1 шт. Комплекс пилотажно-навигационный ПИЖМА, 1 шт. Курсовертикаль инерциальная ИКВ-72, 1 шт. Машина вычислительная ЦВМ-20-86К, 1 шт. Преобразователь ПТС-250-2с, 1 шт. Прибор АП-СВС-2П, 1 шт. Прибор УПМ-1, 1 шт. Система ИПОС-4 противообледенительная, 14 шт. Система СПГ1 ВК1604006ПС, 1 шт. Система МСРП-256-1В, 2 шт. Система САС-4-3, 1 шт. Система СКТТ-1, 1 шт. Стенд системы запуска двигателей, 1 шт. Стенд системы управления закрылками, 1 шт. Стенд системы электроснабжения переменным током, 1 шт. Стенд системы электроснабжения постоянным током, 1 шт. Стенд УС-4, 2 шт. Установка КПУ-3, 1 шт. Установка СПКА, 1 шт. Устройство воспроизведения информации СНОУ-1, 1 шт. Индукционный датчик 2 шт. МСРП, 1 шт. САРПП, 1 шт. СТ-1, 2 шт. Установка ППУР-42 1 шт. Установка УП3-АОС81М проверки автомата обогрева стекол 1 шт. Щит школьный электрораспределительный 1 шт.",-
"Пулковская улица, 6а",Аудитория 1-307 Учебная аудитория для проведения занятий семинарского типа (лабораторных работ),"Тренажер Ил-86 Автомат переключения питания АПП-1М-3, 2 шт.,Блок автоматического запуска БАЗ-86, 4 шт.,Блок БК-300, 3 шт.,Блок БКН-86, 3 шт.,Блок защиты БЗУ, 2 шт.,Блок БПП-76, 3 шт.,Блок БРН, 5 шт.,Выпрямитель ВУ-3Б, 2шт.,Индикатор ИП-45Э, 1 шт. Преобразователь ПТС-250-2с, 1 шт.,Прибор УКАМП, 2 шт. Радиовысотомер А-031, 2 шт.,Радиокомпас АРК-15 1 шт.,Радиостанция БАКЛАН-20, 2 шт.,Радиостанция МИКРОН МК-36-03, 1 шт.,Система 2ИА-7АБ, 1 шт.,Трансформатор ТС, 2 шт.,Блок БПБЭ 3Б 3 шт. Блок реле 4 шт. Измеритель температуры ИТП-1, 1 шт. Мультиметр стрелочный 6 шт. Пульт ППСС, 1 шт. СУС-86, 2 шт. Указатель УИ3 3Б, 2 шт.",-
"Пулковская улица, 6а",Аудитория 1-311 Учебная аудитория для проведения занятий лекционного типа,"Комплект учебной мебели (столы, стулья, доска) Ноутбук ASUS, 1 шт. Мультимедийный проектор SANYO, 1 шт. Интерактивная доска Activeboard Promethean, 1 шт. Усилитель мощности CROWN, 1 шт. Коммутационный модуль H-23, 1 шт. Акустическая система JBL, 1 шт. Проигрыватель DVD JVC, 1 шт.",-
"Пулковская улица, 6а","Аудитория 1-305 Учебная аудитория для проведения занятий семинарского типа, текущего контроля и промежуточной аттестации","Комплект учебной мебели (столы, стулья, доска) Рабочие места -15 шт.  Дисплей TFT (Монитор Samsung LCD 17"""" 710 N TFT), 9 шт. Дисплей TFT (Монитор Samsung LCD 19"""" 910 N TFT), 6 шт. Компьютер Pentium 4-2,6/INTEL, 4 шт. Компьютер Pentium 4-2,8/INTEL, 11 шт.",-
"Пулковская улица, 6а",Аудитория 1-304 Учебная аудитория для проведения занятий лекционного типа (защит ВКР),"Комплект учебной мебели (столы, стулья, доска) Ноутбук Acer, 1 шт. Мультимедийный проектор Panasonic, 1 шт. Переносной экран на штативе Matte White S 200х200, 1 шт.",-
"Пулковская улица, 6а","Аудитория 1-214 Учебная аудитория для проведения занятий семинарского типа, практических занятий, лабораторных работ,  текущего контроля и промежуточной аттестации","Комплект учебной мебели (столы, стулья, доска)",-
"Пулковская улица, 6","Аудитория 3-226 Учебная аудитория для проведения занятий лекционного типа, семинарского типа, практических занятий, текущего контроля и промежуточной аттестации","Комплект учебной мебели (столы, стулья, доска)",-
"Пулковская улица, 6а","Аудитория 2-221 Учебная аудитория для проведения занятий семинарского типа, практических занятий, текущего контроля и промежуточной аттестации","Комплект учебной мебели (столы, стулья, доска)",-
"Пулковская улица, 6а","Аудитория 2-219 Учебная аудитория для проведения занятий семинарского типа, практических занятий, текущего контроля и промежуточной аттестации","Комплект учебной мебели (столы, стулья, доска)",-
"Пулковская улица, 6а","Аудитория 2-206 Учебный класс авиационного тренажера MTD А330. Для проведения практических занятий, текущего контроля и промежуточной аттестации.",Авиационный тренажер для обучения техническому обслуживанию самолета А320 - 1 шт. Мест для обучаемых -12 шт. Место инструктора -1 шт. Принтер НР - 1 шт;,-
"Пулковская улица, 6а","Аудитория 2-116 Учебная аудитория для проведения занятий семинарского типа, практических занятий, лабораторных работ, текущего контроля и промежуточной аттестации","Комплект учебной мебели (столы, стулья, доска); ПК -10 шт, Программное обеспечение: Microsoft (ОС семейства Windows, пакеты приложений Microsoft Office)",-
"Пулковская улица, 6а","Аудитория 2-115 Учебная аудитория для проведения занятий семинарского типа, практических занятий, лабораторных работ, текущего контроля и промежуточной аттестации","Комплект учебной мебели (столы, стулья, доска); ПК -10 шт, Программное обеспечение: Microsoft (ОС семейства Windows, пакеты приложений Microsoft Office)",-
"Пулковская улица, 6а","Аудитория 2-115 Учебная аудитория для проведения занятий семинарского типа, практических занятий, текущего контроля и промежуточной аттестации","Комплект учебной мебели (столы, стулья, доска); ПК -10 шт, Программное обеспечение: Microsoft (ОС семейства Windows, пакеты приложений Microsoft Office)",-
"Пулковская улица, 6а","Аудитория 2-108 Учебная аудитория для проведения занятий семинарского типа, практических занятий, лабораторных работ,  текущего контроля и промежуточной аттестации","Комплект учебной мебели (столы, стулья, доска); ПК - 12шт, Программное обеспечение: Microsoft (ОС семейства Windows, пакеты приложений Microsoft Office).",-
"Пулковская улица, 6а","Аудитория 2-109 Учебная аудитория для проведения занятий семинарского типа, практических занятий, лабораторных работ , текущего контроля и промежуточной аттестации","Комплект учебной мебели (столы, стулья, доска); ПК - 12шт, Программное обеспечение: Microsoft (ОС семейства Windows, пакеты приложений Microsoft Office).",-
"Пулковская улица, 6а","Аудитория 2-107 Учебная аудитория для проведения занятий семинарского типа, практических занятий, лабораторных работ , текущего контроля и промежуточной аттестации","Комплект учебной мебели (столы, стулья, доска); ПК - 11шт, Программное обеспечение: Microsoft (ОС семейства Windows, пакеты приложений Microsoft Office).",-
"Пулковская улица, 6а","Аудитория 2-101 Учебная аудитория для проведения занятий лекционного типа, семинарского типа, практических занятий, текущего контроля и промежуточной аттестации","Комплект учебной мебели (столы, стулья, доска); ПК - 1 шт, Проектор – 1 шт.,Экран – 1 шт.",-
"Пулковская улица, 6а","Аудитория 2-102 Учебная аудитория для проведения занятий лекционного типа, семинарского типа, практических занятий, текущего контроля и промежуточной аттестации","Комплект учебной мебели (столы, стулья, доска); ПК 1-шт, Проектор – 1 шт.,Экран – 1 шт.",-
"Пулковская улица, 6а","Аудитория 1-315 Учебная аудитория для проведения занятий семинарского типа, практических занятий, текущего контроля и промежуточной аттестации","Комплект учебной мебели (столы, стулья, доска)",-
"Пулковская улица, 6а","Аудитория 1-312 Учебная аудитория для проведения занятий лекционного типа, семинарского типа, практических занятий, текущего контроля и промежуточной аттестации","Комплект учебной мебели (столы, стулья, доска)",-
"Пулковская улица, 6а","Аудитория 1-308 Учебная аудитория для проведения занятий лекционного типа, семинарского типа, практических занятий, текущего контроля и промежуточной аттестации","Комплект учебной мебели (столы, стулья, доска)",-
"Пулковская улица, 6а","Аудитория 1-217 Учебная аудитория для проведения занятий семинарского типа, практических занятий, текущего контроля и промежуточной аттестации","Комплект учебной мебели (столы, стулья, доска)",-
"Пулковская улица, 6а","Аудитория 1-216 Учебная аудитория для проведения занятий семинарского типа, практических занятий, текущего контроля и промежуточной аттестации","Комплект учебной мебели (столы, стулья, доска)",-
"Пулковская улица, 6а","Аудитория 1-215 Учебная аудитория для проведения занятий семинарского типа, практических занятий, текущего контроля и промежуточной аттестации","Комплект учебной мебели (столы, стулья, доска)",-
"Пулковская улица, 6а","Аудитория 1-210 Учебная аудитория для проведения занятий семинарского типа, практических занятий, текущего контроля и промежуточной аттестации","Комплект учебной мебели (столы, стулья, доска)",-
"Пулковская улица, 6а","Аудитория 1-207 Учебная аудитория для проведения занятий семинарского типа, практических занятий,текущего контроля и промежуточной аттестации","Комплект учебной мебели (столы, стулья, доска)",-
"Пулковская улица, 6а","Аудитория 1-206 Учебная аудитория для проведения занятий лекционного типа, практических занятий, текущего контроля и промежуточной аттестации","Комплект учебной мебели (столы, стулья, доска); ПК -1 шт, Проектор – 1 шт.,Экран – 1 шт. Программное обеспечение : пакет программ Microsoft (ОС семейства Windows, пакеты приложений Microsoft Office)",-
"Пулковская улица, 6а","Аудитория 1-205 Учебная аудитория для проведения занятий лекционного типа, практических занятий, текущего контроля и промежуточной аттестации","""Комплект учебной мебели (столы, стулья, доска); ПК -1 шт, Проектор – 1 шт.,Экран – 1 шт. Программное обеспечение : пакет программ Microsoft",-
"Пулковская улица, 6а","Аудитория 1-204 Учебная аудитория для проведения занятий семинарского типа, практических занятий, текущего контроля и промежуточной аттестации","Комплект учебной мебели (столы, стулья, доска)",-
"Пулковская улица, 6а","Аудитория 1-203 Учебная аудитория для проведения занятий семинарского типа, практических занятий, текущего контроля и промежуточной аттестации","Комплект учебной мебели (столы, стулья, доска)",-
"Пулковская улица, 6а","Аудитория 1-202 Учебная аудитория для проведения занятий семинарского типа, практических занятий, текущего контроля и промежуточной аттестации","Комплект учебной мебели (столы, стулья, доска)",-
"Пулковская улица, 6а","Аудитория 1-203 Учебная аудитория для проведения занятий семинарского типа, практических занятий, текущего контроля и промежуточной аттестации","Комплект учебной мебели (столы, стулья, доска)",-
"Пулковская улица, 6а","Аудитория 1-202 Учебная аудитория для проведения занятий семинарского типа, практических занятий, текущего контроля и промежуточной аттестации","Комплект учебной мебели (столы, стулья, доска)",-
"Пулковская улица, 6","Аудитория 3-302, Учебная аудитория для проведения практический занятий, лабораторных занятий, текущего контроля и промежуточной аттестации,  Учебно-тренажерный центр","Комплект учебной мебели  (столы, стулья, доска)  Экран к проектору 180*180 на треноге 10603086 - 1 шт., Плоттер HP DESIGNJET T525 - 1 шт., Рабочая станция АРМ ITP BUSINESS тип 2 - 5 шт.,  Рабочая станция  Тип 2 HP 260 G2 2VR73ES - 7 шт.",-
"Пулковская улица, 6","Аудитория 3-301, Учебная аудитория для проведения лабораторных занятий, текущего контроля и промежуточной аттестации,  Учебно-тренажерный центр","Комплект учебной мебели  (столы, стулья, доска)  Экран к проектору 180*180 на треноге 10603086 - 1 шт., Плоттер HP DESIGNJET T525 - 1 шт., Рабочая станция АРМ ITP BUSINESS тип 2 - 5 шт.,  Рабочая станция  Тип 2 HP 260 G2 2VR73ES - 7 шт.",-
"Пулковская улица, 6","Аудитория 3-208, Учебная аудитория для проведения занятий семинарского типа, практических занятий, текущего контроля и промежуточной аттестации,  Учебно-тренажерный центр","ТРЕНАЖЕР ""СИНТЕЗ-ТЦ"" 30600251 -01 шт, ТРЕНАЖЕР ""СИНТЕЗ-ТЦ"" 210126004922 -01 шт, Доска аудиторная поворотная ДП-12 (150*100) 10603731 -1 шт",-
"Пулковская улица, 6","Аудитория 3-207, Учебная аудитория для проведения занятий семинарского типа, практических занятий, текущего контроля и промежуточной аттестации,  Учебно-тренажерный центр","ТРЕНАЖЕР ""СИНТЕЗ-ТЦ"" 30600251 -01 шт, ТРЕНАЖЕР ""СИНТЕЗ-ТЦ"" 210126004922 -01 шт, Доска аудиторная поворотная ДП-12 (150*100) 10603731 -1 шт",-
"Пулковская улица, 6","Аудитория 3-205, Учебная аудитория для проведения занятий семинарского типа, практических занятий, текущего контроля и промежуточной аттестации,  Учебно-тренажерный центр","ТРЕНАЖЕР ""СИНТЕЗ-ТЦ"" 30600251 -01 шт, ТРЕНАЖЕР ""СИНТЕЗ-ТЦ"" 210126004922 -01 шт, Доска аудиторная поворотная ДП-12 (150*100) 10603731 -1 шт",-
"Пулковская улица, 6а",Аудитория 1-213 Аудитория для проведения практических занятий,"Конструктив преподавателя Teacher Desk 330.01HD, б/н, Конструктив студента Student Desk 331.01HD, б/н, 16 шт., Моноблок Lenovo B320 10069 16 шт., Системные блоки ATX-400PNR 2 шт., (инвентарный номер 747) Монитор ViewSonic VX2210 VH-LED 2 шт. Маршрутизатор D-Link DGS-1100-24, б/н, Проектор мультимедийный Panasonic PT-AE7000, Акустические системы Edifier, 2 шт. Интерактивная доска Panasonic UB-T580W, Шкаф для бумаг 4шт.",-
"Пулковская улица, 6а",Аудитория 1-212 Аудитория для проведения занятий лекционного типа,"ПК Formoza P4-2/8 2MBEM64T + FAN\:i945G\512 MDDR II PC-E128X700TV\ETHC1000PCI\3''\DVD (Сист.бл), Монитор MultiSync LCD1970NXp 19"""", Сейф 2 шт., Шкаф для бумаг 2 шт.",-
"Пулковская улица, 6а",Аудитория 1-211 Аудитория для проведения занятий лекционного типа,"ПК (Инвентарный номер 10401313) Стол письменный 7 шт., Стул 13 шт., Шкаф для бумаг,  Тумба 3 ящика, Доска меловая зеленая.",-
"Пулковская улица, 6",Аудитория 3-220 Учебная аудитория для проведения занятия лабораторного типа,"Комплект учебной мебели (столы, стулья, доска), БЛОК БРЧ-62БМ РЕГУЛИРОВКИ ЧАСТОТ, БЛОК РЕГУЛИРОВАНИЯ НАПРЯЖЕНИЯ БРН 208М7А, БЛОК РЕГУЛИРОВАНИЯ НАПРЯЖЕНИЯ БРН, БЛОК РЕГУЛИРОВАНИЯ НАПРЯЖЕНИЯ БРН 208М7А, БРЗУ-115, ВОЛЬТМЕТР В7-26 УНИВЕРСАЛЬНЫЙ, ВОЛЬТМЕТР Щ-304 ЦИФРОВОЙ, ВОЛЬТМЕТР Щ-304 ЦИФРОВОЙ, ГЕНЕРАТОР Г5-54, ГЕНЕРАТОР ГТ 40П46, ГЕНЕРАТОР ГТ 40П46, ОСЦИЛЛОГРАФ С1-79, Н10167, ОСЦИЛЛОГРАФ С1-77, ОСЦИЛЛОГРАФ С1-19Б, ОСЦИЛЛОГРАФ С1-72, ОСЦИЛЛОГРАФ С1-72, ПРЕОБРАЗОВАТЕЛЬ ПТС 500С, ПРИВОД ГП 40П46 ДЛЯ ИСПЫТАНИЯ ГЕНЕРАТОРОВ, СТЕНД УК-154 1000, СТАБИЛИЗАТОР ТЕС-7М, Системный блок HP Intel Core I3-6100U 2.30Ghz, Системный блок HP Intel Core I3-6100U 2.30Ghz",-
"Пулковская улица, 6",Аудитория 3-219 Учебная аудитория для проведения занятия лабораторного типа,"Комплект учебной мебели (столы, стулья, доска), ВОЛЬТМЕТР В7-27, ВОЛЬТМЕТР В7-27, ГЕНЕРАТОР ГТ 40П46, ГЕНЕРАТОР ГТ 40П46, 3 комплекта типового лабораторного оборудования """"Электрические машины и привод ЭМП2М-С-К",-
"Пулковская улица, 6",Аудитория 3-217 Учебная аудитория для проведения занятия лабораторного типа,"Комплект учебной мебели (столы, стулья, доска), ВОЛЬТМЕТР Щ-4313 ЦИФРОВОЙ, ВОЛЬТМЕТР Щ-4313 ЦИФРОВОЙ, ИЗМЕРИТЕЛЬ ПОЛНЫХ СОПРОТИВЛЕНИЙ Р3-35, ИЗМЕРИТЕЛЬ РАЗНОСТИ ФАЗ Ф2 – 34, ЛИНИЯ ИЗМЕРИТЕЛЬНАЯ Р1-36, ОСЦИЛЛОГРАФ С1-77, Л10012, СТАБИЛИЗАТОР ТЕС-7М, СТАБИЛИЗАТОР ТЕС-7М, СТАБИЛИЗАТОР ТЕС-13 ЛАБОРАТОРНЫЙ, СТАБИЛИЗАТОР ТЕС-13 ЛАБОРАТОРНЫЙ, СТЕНД ЛСЭ-2, СТЕНД ЛСЭ-2, СТЕНД ЛСЭ-2",-
"Пулковская улица, 6",Аудитория 3-125 Учебная аудитория для проведения занятия лабораторного типа,"Комплект учебной мебели (столы, стулья, доска), СТЕНД УК-154 0300, СТЕНД УК-154 1100, СТЕНД УК-154 0400, СТЕНД УК-154 0602 СИСТЕМА СП3-1А ИЗДЕЛИЕ 154, ВОЛЬТМЕТР Ф210 1/1, МАЯК ПРОБЛЕСКОВЫЙ СМИ-2КМ, МЕХАНИЗМ ЭПВ-8П, МЕХАНИЗМ ЭПВ-8П, ОСЦИЛЛОГРАФ С1-72, ОСЦИЛЛОГРАФ С1-117/1, ОСЦИЛЛОГРАФ С1-117/1, СТАБИЛИЗАТОР ТЕС-15, СТАБИЛИЗАТОР ТЕС-7М",-
"Пулковская улица, 6",Аудитория 3-116 Учебная аудитория для проведения занятия лабораторного типа,"Комплект учебной мебели (столы, стулья, доска), 4 комплекта типового универсального лабораторного оборудования ""Теория электрических цепей и основы электротехники"" ТЭЦОЭ1-С-К, ПК Intel Celeron® CPU G1610 2.6 Ghz 4 шт., Дисплей Philips 4 шт.",-
"Пулковская улица, 6",Аудитория 3-111 Учебная аудитория для проведения занятия лабораторного типа,"Комплект учебной мебели (столы, стулья, доска), 8 комплектов универсальных лабораторных стендов ТЭЦ иОЭ2-СКМ ""Теория электрических цепей и основы электротехники"", ПК Intel Pentium CPU G2020 2.9 Ghz 7 шт., Дисплей Philips 7 шт., Компьютер преподавателя Pentium CPU G860 3Ghz, Системны блок HP Intel Core I3-6100U 2.30Ghz, Учебный стенд ""Источники света"", Настенный монитор Sharp, Учебный стенд ""Электрические системы света и светильники",-
"Пулковская улица, 6",Аудитория 3-102 Учебная аудитория для проведения занятия лекционного и семинарского типов,"Комплект учебной мебели (столы, стулья, доска), Интерактивная проекционная система SMARTBOARD SBX880 I4/UF65, Компьютер преподавателя HP P3130 PRO",-
"Пулковская улица, 6",Аудитория 3-101 Учебная аудитория для проведения занятия лабораторного типа,"""Комплект учебной мебели (столы, стулья, доска), 10 учебных стендов ТЭЦОЭ –С-К, ПК Intel Celeron® CPU G1610 2.6 Ghz 9 шт., Дисплей Philips  9шт., Учебный стенд """"Электрические системы света и светильники""",-
"Пулковская улица, 6","Аудитория 4-308, Учебная аудитория для проведения занятия  семинарского типа, лабораторных работ, текущего контроля и промежуточной аттестации","Комплект учебной мебели (столы, стулья, доска)",-
"Пулковская улица, 6","Аудитория 4-307, Учебная аудитория для проведения занятия  семинарского типа, лабораторных работ, текущего контроля и промежуточной аттестации","Комплект учебной мебели (столы, стулья, доска);",-
"Пулковская улица, 6","Аудитория 4-306, Учебная аудитория для проведения занятия  семинарского типа, лабораторных работ, текущего контроля и промежуточной аттестации","Комплект учебной мебели (столы, стулья, доска); ПЭВМ PENTIUM 4 - 15 шт.; Рабочая станция CORE - 6 шт.;  Проектор PANASONIC - 1 шт.",-
"Пулковская улица, 6","Аудитория 4-303,  Учебная аудитория для проведения  лабораторных работ","Аудитория 4-303,  Учебная аудитория для проведения  лабораторных работ	Комплект учебной мебели (столы, стулья, доска);  ПЭВМ  З4-2800 - 2 шт; Установка ""Спектр излучения атома водорода"" ФПК-09 - 4 шт.; Установка""Зонная теория электропроводности"" ФПК-07 - 4 шт.",-
"Пулковская улица, 6","Аудитория 4-218,  Учебная аудитория для проведения занятия  семинарского типа, лабораторных работ, текущего контроля и промежуточной аттестации","Комплект учебной мебели (столы, стулья, доска); ПЭВМ FORMOSA P4-2800 - 11 шт.",-
"Пулковская улица, 6","Аудитория 4-217,  Учебная аудитория для проведения  лабораторных работ","Комплект учебной мебели (столы, стулья, доска); Системные блоки Р4-2800 -  8шт.; Системные блоки  Р4-2400 - 1 шт.; Монитор 17"" SAMSUNG 795 - 9 шт.",-
"Пулковская улица, 6","Аудитория 4-214,  Учебная аудитория для проведения  лабораторных работ","Комплект учебной мебели (столы, стулья, доска); Комплект ЛКО-1-М - 4 шт.; ПЭВМ FORMOSA 7280 - 4 шт.",-
"Пулковская улица, 6","Аудитория 4-216,  Учебная аудитория для проведения  лабораторных работ","Комплект учебной мебели (столы, стулья, доска);          Установка ""Маятник Максвелла"" ФМ-12 - 3 шт.;             Установка ""Маятник Обербека"" ФМ-12 - 3 шт.",-
"Пулковская улица, 6","Аудитория 3-420, Лаборатория схемотехники",Стенд УМ-11: для изучения интегральных схем – 3 шт.  Стенд УМ-12 для исследования счетчиков – 3 шт.,-
"Пулковская улица, 6","Аудитория 3-409, Лаборатория схемотехники и микроэлектроники","Лабораторные стенды ""Электроника, микроэлектроника и телекоммуникации"" на 16 рабочих мест.",-
"Пулковская улица, 6","Аудитория 3-408,  Лаборатория схемотехники и микроэлектроники","Лабораторные стенды ""Электроника, микроэлектроника и телекоммуникации"" на 16 рабочих мест.",-
"Пулковская улица, 6","Аудитория 4-110, Лаборатория метрологии, стандартизации и сертификации",Лабораторные стенды «Основы метрологии и электрические измерения» - 10 рабочих мест.,-
"Пулковская улица, 6","Аудитория 4-115, Специализированный компьютерный класс","Лабораторный комплекс NI ELVIS 2 - 9шт, ПК-9шт",-
"Пулковская улица, 6","Аудитория 4-117, Специализированный компьютерный класс",ПК-10шт.,-
"Пулковская улица, 6","Аудитория 4-111, Лаборатория радиосвязных устройств и их эксплуатации",Многоформативный переключатель коммутатор KRAMERVP-23C Документ-камера AVER VISION 300 AF Радиостанция «Микрон» Радиопередатчик «Полет-2А»,-
"Пулковская улица, 6","Аудитория 3-412, Лаборатория устройств приема и обработки сигналов",Лабораторная установка УОС-01.  Лабораторная установка УОС-02. Детектор амплитудный УОС-02. Лабораторная установка УОС-04. . Цепь входная УОС 04. Инв.№ Лабораторная установка УОС-08.  2 шт.,-
"Пулковская улица, 6","Аудитория 3-404, Лаборатория устройств формирования и передачи сигналов",Оборудование 87Л-01 для проведения лабораторно-практических работ. -  2 шт. Лабораторный стенд “Автогенераторы гармонических колебаний ” УФС 03.  - 3шт. Учебно-лабораторный стенд “Транзисторный усилитель мощности” УФС-01. - 3шт. Лабораторный стенд “Амплитудная модуляция” УФС 02. - 3шт. Учебно-лабораторный стенд “Пассивный цифровой синтезатор частоты” УФС-4  Учебно-лабораторный стенд “Цифровой синтезатор частоты с ФАП” УФС-5,-
"Пулковская улица, 6","Аудитория 3-405, Лаборатория антенн, устройств СВЧ, электродинамики и распространение радиоволн",Спектроанализатор С4-60 – 2 шт.Учебный лабораторный комплекс для изучения приёмопередающих устройств и антенн – 1 шт. Анализатор СК4-27 спектра  - 1 шт.  Генератор Г4-128 сигналов высокочастотный  -1 шт. Генератор Г4-80 – 1 шт. Генератор Г4-83 – 2 шт. Частотомер Ч3-63/1 – 1 шт. Прибор измерительный РИП-3 радиолокационный – 3 шт.,-
"Пулковская улица, 6","Аудитория 3-416, Класс радиотехнического обеспечения полетов и организации воздушного движения","Мультимедийный проектор SANYO PLC XU-78 3000 ANSI XGA , Интерактивная доска- экран ACTIV BOARD 78 162*116.",-
"Пулковская улица, 6","Аудитория 3-415, Класс радиотехнического обеспечения полетов и организации воздушного движения","Мультимедийный проектор SANYO PLC XU-78 3000 ANSI XGA , Интерактивная доска- экран ACTIV BOARD 78 162*116.",-
"Пулковская улица, 6","Аудитория 3-401, Лаборатория радиотехнических цепей и сигналов и сигналов",Комплекс лабораторных стендов “Основы электроники” - 8 рабочих мест,-
"Пулковская улица, 6","Аудитория 3-414, Класс радиоэлектронного оборудования воздушных судов","Мультимедийный проектор SANYO PLC XU-78 3000 ANSI XGA , интерактивная доска- экран ACTIV BOARD 78 162*116.",-
"Пулковская улица, 6","Аудитория 3-421, Лаборатория радиолокационных систем и их эксплуатации",Станция радиолокационная стенд Гроза-86 Стенд Гроза-СБ Станция радиолокационная Гроза Станция радиолокационная Гроза Станция радиолокационная А 813 Ответчик самолетный СОМ-64 – 2 комп.,-
"Пулковская улица, 6","Аудитория 3-402,  Лаборатория радионавигационных и радиосвязных систем и их эксплуатации.",Радиостанции «Серии 200»:  - приёмопередатчик многоканальный ОВЧ с опцией EU230-S XU250A 6082 2017K03; - передатчик многоканальный ОВЧ SU250A 6082 2317K02; - блок дистанционного контроля и управления REM-BUS с опциями GV201-S GV201-TGV201; - приёмник многоканальный ОВЧ с опциями EU230-S IN201A EU230 6082.2917K02 Дальномер самолетный СД-67 Аппаратура навигации и посадки курс МП-70 – 2 компл. ПК преподавателя 1шт. Интерактивная проекционная система SMARTBOARDSBX 88014/UF65 Стол консоль преподавателя мультимедийная  Helios МЕБ 930695 Многоформативный переключатель коммутатор KRAMERVP-23C Документ-камера AVER VISION 300 AF,-
"Пулковская улица, 6","Аудитория 3-413 , Специализированный тренажер по технической эксплуатации транспортного радиооборудования","Специализированный тренажер технической эксплуатации летательных аппаратов и двигателей, авиационных электросистем и ПНК, транспортного радиооборудования НИТА",-
"Пулковская улица, 6","Аудитория 3-417 Учебная аудитория для проведения занятия семинарского типа, текущего контроля и промежуточной аттестации Специализированный компьютерный класс",Персональный компьютер - 11 шт,-
"Пулковская улица, 6","Аудитория 3-106, Учебная аудитория для проведения занятия семинарского типа, текущего контроля и промежуточной аттестации","Рабочие места -1 шт.Комплект учебной мебели (столы, стулья, доска), Мультимедийный проектор, 1 шт.; Твердомер-ТР 5006; Твердомер ТКС 14-250; Твердомер Темп-3 и комплектующие; Микроскопы  МИМ-7; Электропечь « Снол»-2шт.",-
"Пулковская улица, 6","Аудитория 3-105, Учебная аудитория для проведения занятия семинарского типа, текущего контроля и промежуточной аттестации","Комплект учебной лабораторной  мебели (столы, стулья, доска), Мультимедийный проектор, 1 шт.; Рабочие места -1 шт.",-
"Кронштадтский бульвар, 20",Аудитория В-306 Учебная аудитория для проведения занятий лекционного типа,"Моноблок Lenovo, Принтер HP LaserJet Pro M521dn, Проектор мультимедийный Panasonic PT-LB51NTE, Тумба 3 ящика 4 шт., Стол письменный 6 шт., Стул 13 шт., Кресло офисное, Жалюзи вертикальные цвет темно голубой.",-
"Кронштадтский бульвар, 20",Аудитория В-305  Аудитория для проведения практических занятий,"Место преподавателя лингафонного кабинета диалог, б/н, Место ученика лингафонного кабинета диалог-1 настольный вариант б/н, 12 шт., Доска передвижная поворотная магнитная ДП-11Б 75x100 см Маркер, бн, Гарнитура Ritmix RH-524M, Гарнитура Dialog M-750HV 11 шт., Гарнитура Sven AP-860MV, Стул 13 шт., Жалюзи вертикальные цвет бежевый.",-
"Кронштадтский бульвар, 20",Аудитория А-305 Учебная аудитория для проведения занятий лекционного типа,"Доска интерактивная Hitachi, Монитор Samsung 793 DF TCO 03, LB17H9LYA29426F, Рабочая станция Core 2 7300, в том числе: Систем. Блок 7300* Монитор 19TFT NEC, Рабочая станция тип 1 HP 260 G2 2TP61ES, б/н., Акустическая система Sven, Сейф Д-20, 9749, Стол письменный 1200 x 800 x 732 4 шт., Стол письменный 2 шт., Столик для проектора PT-1, Стул 16 шт., Тумба 3 ящика, Тумба 3 ящика 4 шт., Шкаф для одежды, Стенд информационный, б/н, Жалюзи вертикальные цвет бежевый 2 шт.",-
"Кронштадтский бульвар, 20",Зал для настольного тенниса,Столы для настольного тенниса - 3 шт.,-
"Кронштадтский бульвар, 20",Гимнастический зал,Стол инверсионный - 2 шт; секции шведской стенки - 14 шт;,-
"Кронштадтский бульвар, 20",Тренажерный зал,Тренажер эллипс - 1 шт; многофункциональный тренажер - 1 шт; грифы - 4 шт; опция - 1 шт; брусья параллельные - 1 шт; площадка элементная - 1 шт; скамья атлетическая - 3 шт; силовые тренажеры - 5 шт; штанга - 1 шт,-
"Кронштадтский бульвар, 20",Игровой зал,Баскетбольные фермы - 2 шт; ворота футбольные - 2 шт; кольца баскетбольные подвесные - 2 шт;  стойки волейбольные - 2 шт; стойки для большого тенниса - 2 шт; табло электронное - 1 шт; табло времени атаки - 2 шт; секции шведской стенки - 10 шт; вышка волейбольная - 1 шт; стойки для бадминтона - 2 шт;,-
"Кронштадтский бульвар, 20","Аудитория Б-502 Учебная аудитория для проведения занятия лекционного типа, семинарского типа, текущего контроля и промежуточной аттестации","Комплект учебной мебели (столы, стулья, доска), Система для презентаций: 1.Интерактивная проекционная система SMARTBOARD SBX880 I4/UF65 – 1 шт. 2.Акустическая система JBL CONTROL 25-2 шт. 3.Документ камераAVER VISION 300 AF– 1 шт. 4.Кафедра стойка мультимедийная HELIOS MEB 620.691- 1 шт. 5.Компьютер преподавателя HP P3130PRO– 1 шт. 6.Монитор LG Flatron L1742SE-BF 7.Компьютер ITP Business Intel I3-8100/8GB/SSD256Gb/350W – 14 шт. 8.Монитор VienSonic VA2456-MHD - 14 шт. 9.Усилитель звуковой CROWN LPS 800– 1 шт.",-
"Кронштадтский бульвар, 20",Аудитория В-507 Учебная аудитория для проведения занятия семинарского типа,"Комплект учебной мебели (столы, стулья, доска),  Набор химической посуды Мультимедийный проектор, 1 шт.; Рабочая станция в составе с\б MODULE CM -2шт Рабочая станция тип 2HP 260 G2- 3шт Принтер НР, 1 шт.;  Сканер HP ScanJet 2400 C, 2 шт. Рабочие места -1 шт. РН-метр РН-150М,  Весы аналитические,  Дистиллятор электрический Д10,  Аппарат АРНС-1Э,  Аппарат для определения температуры вспышки в закрытом тигле,  Аппарат ТВ-3,  Измеритель плотности жидкостей цифровой лабораторный ВИП-2,  Термостат VIS-Т-S цифровой,  Шкаф сушильный. Аппарат автоматический для определения температуры вспышки в закрытом тигле АТВ-20,  рН-метр-милливольтметр рн-150М,  Термостат для измерений вязкости жидкостей VIS-T,  Вибрационный плотномер ВИП-2,  Прибор универсальный измерительный Р 4833,  Весы электронные KERN",-
"Кронштадтский бульвар, 20","Аудитория В-506 Учебная аудитория для проведения занятия семинарского типа, текущего контроля и промежуточной аттестации","Комплект учебной мебели (столы, стулья, доска),  Набор химической посуды Рабочая станция CORE2 -1шт Принтер НР1160,- 1 шт.;  Рабочие места -2 шт. Машина трения ЧМТ,  АДК «Призма»,  АРНС-Э – аппарат разгонки НС, Термостат для вискозиметров;  ЛСАРТ – определение термостабильности АТ;  АТВ – аппарат для определения температуры вспышки топлива;  Прибор определения вязкости пластических смазок,  Ареометр, пикнометр – определение плотности АТ,  Аппарат количественного определения воды АКОВ,  ИК-Фурье спектрометр,  Анализатор загрязнений жидкостей ГРАН 152,  Аппарат определения мехпримесей в топливе ПВФ35/1н,  Кулометрический титратор для определения содержания воды методом карла Фишера,  Рефрактометр ИРФ-454,  Система автоматического титрования 170,  Аппарат определения температуры помутнения и начала кристаллизации Кристалл 10Э,  Прибор ПОЗ Т. Виброметр «Корсар» Прибор определения фактических смол ПОС-01 Электропечь муфельная «СНОЛ» Универсальное устройство пробоподготовки Весы ЕК -200 G",-
"Кронштадтский бульвар, 20","Аудитория В-503 Учебная аудитория для проведения занятия семинарского типа, текущего контроля и промежуточной аттестации","Комплект учебной мебели (столы, стулья, доска),  Набор химической посуды Мультимедийный проектор, 1 шт.; Дисплей TFT (Монитор Samsung LCD 17""710 N TFT), 2шт.; Рабочие места -1 шт. Компьютер преподавателя НР Р3130 РRО,  РН-метр РН-150М,  Плазменный телевизор с креплением,  Мост реохордный р38, -2шт Дистиллятор электрический Д25,  Измеритель плотности жидкостей цифровой лабораторный ВИП-2,",-
"Кронштадтский бульвар, 20",Аудитория В-502 Учебная аудитория для проведения занятия семинарского типа.,"Комплект учебной мебели (столы, стулья, доска),  Рабочая  станция Р-4-2 шт Рабочая станция тип 2HP 260 G2- 2шт Принтер НР -1320,- 1 шт.;  Рабочие места -2 шт. Проектор мультимедийный PANASONIK -1шт Доска аудиторная передвижная поворотная, Кондиционер KSGF70 Экран настенный -1 шт",-
"Кронштадтский бульвар, 20","Аудитория Б-401 Учебная аудитория для проведения занятия семинарского типа, текущего контроля и промежуточной аттестации","Комплект учебной мебели (столы, стулья, доска),  Интерактивная проекционная система Smart board,  Эндоскоп –жесткий технический (угол 90 град.),  Диапроектор ЛЭТИ-60 (для подсветки),  Микроскоп бинокулярный МБС-10 – 2 шт.,  Микроскоп МБС-2,  Дефектоскоп ДАМИ-С09, Лампа УФО (КД- 33А), Дефектоскоп ПМД-70,  Установка 601-64С для магнитного контроля и выявления дефектов стальных деталей,  Ротор турбины ГТД, Комплект винта ВИШ – 306А, Диск ротора турбины, Комплект рабочих лопаток,  Автомат перекоса вертолета.",-
"Кронштадтский бульвар, 20","Аудитория Б-201 Учебная аудитория для проведения занятия лекционного типа, семинарского типа, текущего контроля и промежуточной аттестации","Комплект учебной мебели (столы, стулья, доска),  Стационарный проектор Epson EB141 OWI-1 шт Автоматизированная лабораторная установка для исследования свойств полупроводниковых материалов МВ-ЭХ . Лабораторный стенд «Изучение диэлектрической проницаемости и диэлектрических потерь в твердых диэлектриках» МВ-004, Шлифовально –полировальный станок МР-2,  Установка для изучения температурной зависимости электропроводности металлов и полупроводников ФПК-07 Лабораторный стенд «Изучение электрической прочности твердых диэлектриков» МВ-002. Микроскоп металлографический для изучения микроструктур сплавов МИМ-7 Лабораторный комплекс по определению химического состава сплавов «Искролайн-100»",-
"Кронштадтский бульвар, 20","Аудитория Д-403  Учебная аудитория для проведения занятий лекционного типа, семинарского типа, текущего контроля и промежуточной аттестации","Комплект учебной мебели (столы, стулья,доска) Доска интерактивеая HITACHI, 1шт. Мультимед. ультракороткофокусный проектор EPSON, 1шт.  Моноблок LENOVO IDEACENRE c 445G 21.5*, 7шт",-
"Кронштадтский бульвар, 20","Аудитория Д-402  Учебная аудитория для проведения занятий лекционного типа, семинарского типа, текущего контроля и промежуточной аттестации","Комплект учебной мебели (столы, стулья, доска) Интерактивная проекционная система SMARTBOARD, 1шт.  Компьютер преподавателя HP P3130 PRO, 1шт.",-
"Кронштадтский бульвар, 20","Аудитория Д-401  Учебная аудитория для проведения занятий лекционного типа, семинарского типа, текущего контроля и промежуточной аттестации","Комплект учебной мебели (столы, стулья,доска) Интерактивная доска ACTIV BOARD 95 216*116, 1шт. Рабочая станция тип2 НР 260G22vR73ES, 8шт) Компьютер преподавателя (ноутбук) ASUS, 1шт.  Устр-во отображения информ.проектор EPSON EB-970, 1шт,",-
"Кронштадтский бульвар, 20",Аудитория А-104 Учебная аудитория для проведения занятия лекционного типа,"Комплект мебели учебной, моноблок LENOVO THINK CENTRE EDGE 72Z 20"" – 10 шт.",-
"Кронштадтский бульвар, 20",Аудитория А-103 Учебная аудитория для проведения занятия лекционного типа,"Комплект мебели учебной, монитор SAMSUNG 17"" 757 P, монитор 17"" SAMSUNG 795MB TCO-99 - 2 шт, монитор SAMSUNG 793 DF TCO 03, LB17H9LYA29710L, моноблок LENOVO THINK CENTRE EDGE 72Z 20"" – 2 шт.,  ноутбук FUJITSU-STEMENS AMILJ D6820 PIV 2400 256MB 20GB V32MB FDD OOMB, рабочая станция CORE2 6550, в т.ч: сист.бл. CORE2 6550/FAN/ASUS; монитор19"" TFT, труба аэродинамическая дозвуковая УЛАК-1, экран на штативе SCREENMEDIA APOLLO T, столик для проектора РТ-1",-
"Кронштадтский бульвар, 20",Аудитория А-102 Учебная аудитория для проведения занятия лекционного типа,"Комплект мебели учебной, акустическая система с креплением JBL CONTROL 25, видеопроектор SANYO PLC-ХT 21 с объективом SANYO LNS-T с кроншт.креп. к потолку SMS, доска интерактивная HITACHI, доска трехстворчатая аудиторная пластиковая, кафедра (трибуна мультимедийная ) со стойкой HELIOS MEБ.330 NN2 и с комп. обор, лаборатория измерения механических усилий и деформаций, система СИИТ-2 №1, стапель для статических испытаний авиационных конструкций, монитор LG 17'' F 700 B, сист.блок P4-2800PRESCOTT533MHz+FAN/ASUS SIS651 P4SPMX+SB+SV+L/2*256M PC3200/... – 2 шт.,  кессон, нивелир, стапель",-
"Кронштадтский бульвар, 20",Аудитория А-101  учебная лаборатория,"Комплект мебели учебной, ноутбук TOSHIBA A9-RU T5470, осциллограф С1-93, 06022, весы аэродинамические, принтер HP LJ-1320, рабочая станция CORE2 6550, в т.ч: сист.бл. CORE2 6550/FAN/ASUS; монитор19"" TFT, сканер HP SJ 3800, аэродинамическая труба",-
"Кронштадтский бульвар, 20",Аудитория А-203  Учебная аудитория для проведения занятия семинарского типа,"Комплект учебной мебели (стулья, столы, доска), колесо тормозное КТ-14 -2 шт,планшет монтаж колес КТ171 на подставке, стенд противопожарная система и НГ из комплекта """"УЧЕБНЫЙ КЛАСС - ИЛ-86"""", стенд электронноимпульсная противооблединительная система самолета ИЛ-86,  стенд гидравлический гидроприводы и гидромашины (СГУ-СТ-08-6ЛР-02) (ТИП 1), стенд гидравлический гидромашины и гидроприводы (СГУ-АПН-08-5ЛР-01) (ТИП 2), стенд гидравлический механика жидкости (ТМЖ 2В-09-12ЛР-01) (ТИП 3),  монитор SAMSUNG 17"""" 757 P – 5 шт , монитор 17"""" SAMSUNG 795MB TCO-99, LE17KX826049W,  ПК FORMOZA P4-3.0 2MB EM64T/MB I915PL+SB+L/FAN/2*256M PC3200/3""""/80.0G (сист. блок) – 6 шт.",-
"Кронштадтский бульвар, 20",Аудитория А-202  Учебная аудитория для проведения занятия лекционного типа,"Комплект учебной мебели (стулья, столы), акустическая система с креплением JBL CONTROL 25 - 2 шт., кафедра стойка мультимедийная HELIOS MEБ 620.691 С МОДУЛЕМ QTEХ MDM-440, стойка амортизационная препарированная самолета ТУ-134, автомат перекоса компьютер преподавателя HP P3130 PRO, многоформатный переключатель коммутатор KRAMER VP-23 C, переключатель KRAMER VP-31, планшет гидроцилиндров ГЦ10Н И ГЦ20Н,  планшет загрузочного цилиндра и цилиндра скачка, планшет смесительного механизма спойлеров, планшет винтовых механизмов предкрылков и закрылков, планшет педалей,  планшет изменения углов отклонения руки направлений, планшет механизма изменений углов отклонения р.в. с загрузочными устройствами,  планшет колонки штурвала, разветвитель усилитель KRAMER VP-200K,   разветвитель УСИЛИТЕЛЬ KRAMER VP-200K, усилитель звуковой CROWN LPS 800, проектор PANASONIC",-
"Кронштадтский бульвар, 20",Аудитория А-201  Учебная лаборатория,"Комплект учебной мебели (стулья, столы, доска), макет самолета ИЛ-86, планшет клапана топливного бачка с насосом СН-13 и клапанного коллектора планшет цепи насосов ЭЦНГ-40-2 с клапанами, планшет насосной станции НС-55-3, планшет на гидроаккумулятор дозатор ГА-П2-4 и привод стеклоочистителя пс8нгж, планшет на насос НП-108, планшет цилиндр управления носового шасси, планшет на гидробак,  планшет крана слива топлива и эл. управляемого топливного крана планшет на электронасос ЭЦНГ-40-2, планшет крана 771000-2 и датчика РСИ-3б, аншет демпфер тележки шасси, планшет типовые компенсаторы и стык трубопроводов из комплекта ""учебный класс ИЛ-86"", планшет типовые узлы крепления трубопроводов СКВ ИЛ-86, аншет основные агрегаты системы АРД ИЛ-86, планшет турбохолодильника из комплекта ""учебный класс ИЛ-86"", планшет штуцер наземного кондиционирования из комплекта "" учебный класс ИЛ-86"", планшет заслонок СКВ ИЛ-86, планшет на турбонасосную установку ТНУ-86, стенд системы АРД в гермокабине самолета ИЛ-86, стенд система кондиционирования воздуха самолета ИЛ-86 стенд система управления шасси самолета ИЛ-86, стенд гидравлическая система самолета ИЛ-86, стенд электронная противооблединительная система самолета ТУ-154, стенд топливная система самолета ИЛ-86, турбохолодильник 2280т самолета ИЛ-62М",-
"Кронштадтский бульвар, 20","Аудитория А-405 Учебная аудитория для проведения занятий семинарского типа, текущего контроля и промежуточной аттестации","Комплект учебной мебели (столы, стулья, доска), Дефектоскоп ТВД вихретоковый; Анализатор масла БАРС-3; Дефектоскоп ЭЛОТЕСТ токовихревой; Дефектоскоп МПД-1 магнитопорошковый; Дефектоскоп РОТОТЕСТ токовихревой; Дефектоскоп ДУЭТ токовихревой; Дефектоскоп АД-50У; Дефектоскоп УД2-12 ультразвуковой; Дефектоскоп ЭЛОТЕСТ В-1; Дефектоскоп ПОЛЕТ электромагнитный; Дефектоскоп ДАМИ-С2; Дефектоскоп ПЕЛЕНГ 700 АФ; Измеритель токопроводности ВЭ-17НЦ; Осциллограф С1-117 универсальный; Прибор ИВ-300 аппаратуры контроля вибрации; Толщиномер УТ-93П ультразвуковой; Дефектоскоп «ПЕЛЕНГ» УДЗ-103 ультразвуковой; Диапроектор ПЕЛЕНГ 700 АФ; Диапроектор ПЕЛЕНГ 700-АФ; Установка МФС-7 для анализа масел фотоэлектрическая; Устройство фильтрования масла; Характериограф Х1-40; Эндоскоп оптический ОЛИМПУС; Микроскоп ММУ-3; Прибор контроля примесей в маслах ПОЖ-М;  Проектор PANASONIC PT-LB10NTE; Рабочая станция 486 DX/40/4/256/VLB/210МБ/SVGA 0.28/MAUSE; Сплит систем SUPRA AC-S24A2HGI",-
"Кронштадтский бульвар, 20","Аудитория А-404 Учебная аудитория для проведения занятий семинарского типа, текущего контроля и промежуточной аттестации","Комплект учебной мебели (столы, стулья, доска)",-
"Кронштадтский бульвар, 20","Аудитория А-402 Учебная аудитория для проведения занятий семинарского типа, текущего контроля и промежуточной аттестации","Комплект учебной мебели (столы, стулья, доска)",-
"Кронштадтский бульвар, 20","Аудитория Б-202 Учебная аудитория для проведения занятия лекционного типа, семинарского типа, лабораторных работ, текущего контроля и промежуточной аттестации","Комплект учебной мебели (столы, стулья, доска), Компьютер преподавателя HP P3130 PRO; Интерактивная проекционная система Smartboart SBX 880i4/UF65; Документ-камера Aver Vision 300AF; Усилитель звуковой Crown LPS-800; Акустическая система с креплением JBL Control25; Медиасервир оператора HP P3130 PRO; Копировальный аппарат CANNON 1215; Монитор Samsung 795MB TCO-99 – 1 шт. Монитор Samsung 793DF TCO 03 – 7 шт.; Принтер HP LJ 1150 A4 10400702; Системный блок P4-3200PRESCOTT800M Hz+FAN/MSi865PENEO2 PFS+SB+L/2*512M PC3200/3” - 1 шт.; Системный блок P4-2800/i865p/FAN/512M PC3200 FDD/80.0GB/CD-REW/12 8RADEON/LAN – 7 шт",-
"Кронштадтский бульвар, 20","Аудитория Б-104 Учебная аудитория для проведения занятия  семинарского типа, лабораторных работ, текущего контроля и промежуточной аттестации","Комплект учебной мебели (столы, стулья, доска); Стол монтажный - 2шт.; Рабочая станция Р4- 5шт.;  Рабочая станция тип 2НР 260G2 VR73ES - 6шт.; Мультимедийный проектор Panasonic PTB 51NTE - 1шт.; Настенные стенды, плакаты; Образцы комплектующих для двигателей.",-
"Кронштадтский бульвар, 20","Аудитория Б-102 Учебная аудитория для проведения занятия  семинарского типа, текущего контроля и промежуточной аттестации","Комплект учебной мебели (столы, стулья, доска), Мультимедийный проектор Panasonic PTB 51NTE - 1шт.; Рабочая станция Р4 - 1шт.; Макет двигателя -Д-36 - 1шт.; Макет двигателя Д-30КУ - 1шт.; Схемы, чертежи двигателей, плакаты, литература по двигателям; Образцы агрегатов и комплектующих для двигателей",-
"Кронштадтский бульвар, 20","Аудитория Б-101 Учебная аудитория для проведения занятия  семинарского типа, текущего контроля и промежуточной аттестации","Комплект учебной мебели (столы, стулья, доска); Макет двигателя -НК-8 - 1шт.; Макет двигателя НК-86 - 1шт.; Макет двигателя JT-8D-15А - 1шт.; Планшет управления двигателями ИЛ-86 - 1шт.; Схемы, чертежи двигателей, плакаты; Образцы агрегатов и комплектующих для двигателей",-
"Кронштадтский бульвар, 20","Аудитория В-102 Учебная аудитория для проведения занятия семинарского типа, текущего контроля и промежуточной аттестации",Измеритель деформации цифровой ИДЦ1 измеритель деформации цифровой ИДЦ1 измеритель деформации цифровой ИДЦ1; комплект плакатов (60 шт.) по разделу «Детали машин»; наглядные пособия макеты деталей и узлов машин и механизмов.,-
"Кронштадтский бульвар, 20","Аудитория В-101 Учебная аудитория для проведения занятия семинарского типа, текущего контроля и промежуточной аттестации","Цифровая универсальная испытательная машина (WDW-100E) c компьютер. управл-м; стенд универсальный для проведения лаб. работ по курсу СМ; лабораторная установка для испытаний на изгиб с кручением (СМ-18А); маркерная доска передвижн. эмаль, 150х100; комплекс интерактивный: SMART BOARD SBD685IX/UX60; лабораторный практикум «Сопротивление материалов»",-
"Кронштадтский бульвар, 20","Аудитория А-502 Учебная аудитория для проведения занятия семинарского типа, текущего контроля и промежуточной аттестации","Комплект плакатов (1 к-т, 20 шт.) по разделу «Начертательная геометрия»; комплект плакатов (24 шт.) по разделу «Начертательная геометрия и инж.графика",-
"Кронштадтский бульвар, 20","Аудитория А-501 Учебная аудитория для проведения занятия семинарского типа, текущего контроля и промежуточной аттестации",3D сканер David Laserscanner Starter-Kit;         Компьютерный класс на 15 мест: - рабочая станция типа 2-2VR73ES - 15 шт.,-
"Кронштадтский бульвар, 20","Учебная аудитория для занятий семинарского типа, текущего контроля, 503В",Комплект специализированной мебели; РН-метр РН-150М;  Весы аналитические;  Дистиллятор электрический Д10; Компьютер преподавателя НР Р3130 РRО; Плазменный телевизор с креплением; Мост реохордный р38; Аппарат АРНС-1Э; Прибор разгонки нефтепродуктов; Аппарат для определения температуры  вспышки в закрытом тигле;  Аппарат ТВ-3; Весы ЕК-200G;  Дистиллятор электрический Д25; Измеритель плотности жидкостей цифровой лабораторный ВИП-2; Термостат VIS-Т-S цифровой; Шкаф сушильный,-
"Кронштадтский бульвар, 20","Учебная аудитория для занятий семинарского типа, текущего контроля 502В",Комплект специализированной мебели; Мультимедийный экран – 1 шт.,-
"Кронштадтский бульвар, 20","Учебная аудитория, 504Б",Комплект специализированной мебели; 1. Видеопроектор SANIO PLC-XU78 3000 ANIS LM XGA с кронштейном крепления к потолку SMS в составе: пульт дистанционного управления. 2. Акустическая система с креплением JBLCONTROL25 в составе: звуковая колонки – 2 шт. 3. Интерактивная доска-экран с программным обеспечением ACTIV BOARD 78 в составе: электронный карандаш – 2 шт. 4. Кафедра (трибуна мультимедийная) со стойкой HELIOS МЕБ.330 NN2 и набором обор в составе: усилитель звуковой CROWN XLS-402 450вт/4 Ом – 1 шт. 5. Микшерный пульт SOUNDCRAFT EPM8 – 1 шт. 6. Система коммуникации сигналов и управления комплексом HELIOS LECTORIUM 2000 – 1 шт. 7. Компьютер HP INTEL PENTIAM DUAL E200 – 1 шт. 8. Монитор VIEWSONIC VA703b – 1 шт. 9. Моноблок НР ProONE 400G1 19.5” HD CEL в составе : клавиатура – 12 шт. (+ мышь – 12 шт.).,-
"Кронштадтский бульвар, 20","Учебная аудитория для занятий семинарского типа, 503А",Комплект специализированной мебели,-
"Кронштадтский бульвар, 20","Учебная аудитория для занятий лекционного типа, 403Б",Комплект специализированной мебели,-
"Кронштадтский бульвар, 20","Учебная аудитория для занятий лекционного типа, 402Б",Комплект специализированной мебели. Люксометр ТКА-ЛЮКС. Практикум по исследованию света и освещенности. Стенд ОТ-8.,-
"Кронштадтский бульвар, 20","Учебная аудитория для занятий семинарского типа, текущего контроля, 300В",Комплект специализированной мебели; Компьютер преподавателя с аудиосистемой,-
"Кронштадтский бульвар, 20","Учебная аудитория для занятий лекционного типа, 303Б",Комплект специализированной мебели,-
"Кронштадтский бульвар, 20","Учебная аудитория для занятий семинарского типа, 302Б",Комплект специализированной мебели,-
"Кронштадтский бульвар, 20","Учебная аудитория для занятий семинарского типа, 301Б",Комплект специализированной мебели,-
"Кронштадтский бульвар, 20","Учебная аудитория для занятий семинарского типа, 304А",Комплект специализированной мебели,-
"Кронштадтский бульвар, 20","Учебная аудитория для занятий семинарского типа, 303А",Комплект специализированной мебели,-
"Кронштадтский бульвар, 20","Учебная аудитория, 302А",Комплект специализированной мебели,-
"Кронштадтский бульвар, 20","Учебная аудитория для занятий семинарского типа, 301А",Комплект специализированной мебели,-
"Кронштадтский бульвар, 20","Учебная аудитория для занятий лекционного типа,203В","Комплект специализированной мебели; ПК – 1 шт., Проектор – 1 шт., Экран – 1 шт.",-
"Кронштадтский бульвар, 20","Учебная аудитория для занятий лекционного типа, 202В","Комплект специализированной мебели; ПК – 1 шт., Проектор – 1 шт., Экран – 1 шт.",-
"Кронштадтский бульвар, 20","Учебная аудитория для занятий семинарского типа, текущего контроля, 201В",Комплект специализированной мебели; ПК-24 шт.,-
"Кронштадтский бульвар, 20","Учебная аудитория для занятий лекционного типа, 101Д","Комплект специализированной мебели; ПК – 1 шт., Проектор – 1 шт., Экран – 1 шт.",-
"Кронштадтский бульвар, 20","Учебная аудитория для занятий лекционного типа, 105Г","Комплект специализированной мебели; ПК – 1 шт., Проектор – 1 шт., Экран – 1 шт.",-
"Кронштадтский бульвар, 20",Учебная аудитория для занятий лекционного типа 21Р,"Комплект специализированной мебели; ПК – 1 шт., Проектор – 1 шт., Экран – 1 шт.",-
"Кронштадтский бульвар, 20","Учебная аудитория для занятий лекционного типа, 19Р","Комплект специализированной мебели; ПК – 1 шт., Проектор – 1 шт., Экран – 1 шт.",-
"Кронштадтский бульвар, 20","Учебная аудитория для занятий лекционного типа, групповых и индивидуальных консультаций, промежуточной аттестации 18Р","Комплект специализированной мебели; ПК – 1 шт., Проектор – 1 шт., Экран – 1 шт.",-
"Кронштадтский бульвар, 20","Учебная аудитория для занятий лекционного типа, 16Р","Комплект специализированной мебели; ПК – 1 шт., Проектор – 1 шт., Экран – 1 шт.",-
"Кронштадтский бульвар, 20",Учебная аудитория для занятий лекционного типа 15Р,"Комплект специализированной мебели; ПК – 1 шт., Проектор – 1 шт., Экран – 1 шт.",-
"Кронштадтский бульвар, 20","Учебная аудитория для занятий лекционного типа, 13Р","Комплект специализированной мебели; ПК – 1 шт., Проектор – 1 шт., Экран – 1 шт.",-
"Кронштадтский бульвар, 20","Учебная аудитория для  занятий лекционного типа, 12Р","Комплект специализированной мебели; ПК – 1 шт., Проектор – 1 шт., Экран – 1 шт",-
"Кронштадтский бульвар, 20","Учебная аудитория для  занятий лекционного типа, 10Р","Комплект специализированной мебели; ПК – 1 шт., Проектор – 1 шт., Экран – 1 шт.",-
"Кронштадтский бульвар, 20",Учебная аудитория для занятий лекционного типа  9Р,"Комплект специализированной мебели; ПК – 1 шт., Проектор – 1 шт., Экран – 1 ш",-
"Кронштадтский бульвар, 20",Учебная аудитория для занятий лекционного типа 7Р,"Комплект специализированной мебели; ПК – 1 шт., Проектор – 1 шт., Экран – 1 шт. Комплект специализированной мебели; ПК – 1 шт., Проектор – 1 шт., Экран – 1 шт.",-
"Кронштадтский бульвар, 20","Учебная аудитория для проведения занятий лекционного типа, 6Р","""Комплект специализированной мебели; ПК – 1 шт., Проектор – 1 шт., Экран – 1 шт. Комплект специализированной мебели; ПК – 1 шт., Проектор – 1 шт., Экран – 1 шт. """,-
"Кронштадтский бульвар, 20","Учебная аудитория для занятий лекционного типа,  4Р","Комплект специализированной мебели; ПК – 1 шт., Проектор – 1 шт., Экран – 1 шт.",-
"Кронштадтский бульвар, 20","Учебная аудитория для занятий лекционного типа, 3р",Комплект специализированной мебели; ПК-1шт; Проектор -1шт; Экран- 1шт,-
"Кронштадтский бульвар, 20","Учебная аудитория для занятий лекционного типа, 2р",Комплект специализированной мебели,-
"Кронштадтский бульвар, 20","Учебная аудитория для занятий лекционного типа, 1р",Комплект специализированной мебели; ПК-1шт; Проектор -1шт; Экран- 1шт,-
